<?xml version="1.0" encoding="UTF-8" standalone="no"?>
<feature id="org.wso2.iot.smartCity.backend" label="org.wso2.iot.smartCity.backend.feature" provider-name="%providerName" version="1.0.0.SNAPSHOT">
  <description>WSO2 is an open source application development software company focused on providing service-oriented
        architecture solutions for professional developers.</description>
  <copyright>%copyright</copyright>
  <license url="%licenseURL">%license</license>
  <require>
    <import feature="org.wso2.carbon.device.mgt.server" match="equivalent" version="3.0.65"/>
    <import feature="org.wso2.carbon.core.server" match="equivalent" version="4.4.16"/>
  </require>
</feature>
