<?xml version="1.0" encoding="utf-8"?>

<!--
  ~ Copyright (c) 2016, WSO2 Inc. (http://www.wso2.org) All Rights Reserved.
  ~
  ~ WSO2 Inc. licenses this file to you under the Apache License,
  ~ Version 2.0 (the "License"); you may not use this file except
  ~ in compliance with the License.
  ~ You may obtain a copy of the License at
  ~
  ~ http://www.apache.org/licenses/LICENSE-2.0
  ~
  ~ Unless required by applicable law or agreed to in writing,
  ~ software distributed under the License is distributed on an
  ~ "AS IS" BASIS, WITHOUT WARRANTIES OR CONDITIONS OF ANY
  ~ KIND, either express or implied. See the License for the
  ~ specific language governing permissions and limitations
  ~ under the License.
  -->
<DeviceTypeConfiguration name="senseme">

    <ProvisioningConfig>
        <SharedWithAllTenants>true</SharedWithAllTenants>
    </ProvisioningConfig>

    <PushNotificationProvider type="MQTT">
        <FileBasedProperties>true</FileBasedProperties>
        <!--if file based properties is set to false then the configuration will be picked from platform configuration-->
        <ConfigProperties>
            <Property Name="mqttAdapterName">senseme.mqtt.adapter</Property>
            <Property Name="qos">0</Property>
            <Property Name="clearSession">true</Property>
        </ConfigProperties>
    </PushNotificationProvider>

	<DeviceDetails table-id="device"/>

	<Claimable enabled="true"/>

	<DataSource>
		<JndiConfig>
			<Name>jdbc/WSO2_CITY_ANALYTICS</Name>
		</JndiConfig>
		<TableConfig>
			<Table name="device">
				<PrimaryKey>deviceId</PrimaryKey>
				<Attributes>
					<Attribute>buildingId</Attribute>
					<Attribute>floorId</Attribute>
					<Attribute>xCoordinate</Attribute>
					<Attribute>yCoordinate</Attribute>
					<Attribute>lastKnown</Attribute>
				</Attributes>
			</Table>
		</TableConfig>
	</DataSource>

</DeviceTypeConfiguration>